{
  "type": "origins:resource",
  "min": 0,
  "max": 5,
  "start_value": 5,
  "hud_render": {
    "should_render": true,
    "sprite_location": "origins:textures/gui/community/spiderkolo/resource_bar_03.png",
    "bar_index": 0,
    "condition": {
      "type": "origins:resource",
      "resource": "perfect:limiters",
      "comparison": ">",
      "compare_to": 0
    }
  },
  "min_action": {
    "type": "origins:play_sound",
    "sound": "minecraft:block.glass.break"
  },
  "max_action": {
    "type": "origins:play_sound",
    "sound": "minecraft:block.chain.place"
  },
  "name": "Limiters",
  "description": "Your abilities can be difficult to control so limiters are in place to control them."
}