{
  "type": "origins:attribute",
  "modifiers": [
    {
      "name": "Armor to max armor",
      "attribute": "minecraft:generic.armor",
      "value": 30,
      "operation": "addition"
    },
    {
      "name": "Armor toughness to max armor toughness",
      "attribute": "minecraft:generic.armor_toughness",
      "value": 20,
      "operation": "addition"
    },
    {
      "name": "Attack damage to max attack damage",
      "attribute": "minecraft:generic.attack_damage",
      "value": 2047,
      "operation": "addition"
    },
    {
      "name": "Attack knockback to max attack knockback",
      "attribute": "minecraft:generic.attack_knockback",
      "value": 5,
      "operation": "addition"
    },
    {
      "name": "Attack speed to max attack speed",
      "attribute": "minecraft:generic.attack_speed",
      "value": 1020,
      "operation": "addition"
    },
    {
      "name": "Flying speed to max flying speed",
      "attribute": "minecraft:generic.flying_speed",
      "value": 1023.6,
      "operation": "addition"
    },
    {
      "name": "Follow range to max follow range",
      "attribute": "minecraft:generic.follow_range",
      "value": 2032,
      "operation": "addition"
    },
    {
      "name": "Knockback resistance to max knockback resistance",
      "attribute": "minecraft:generic.knockback_resistance",
      "value": 1,
      "operation": "addition"
    },
    {
      "name": "Luck to max luck",
      "attribute": "minecraft:generic.luck",
      "value": 1024,
      "operation": "addition"
    },
    {
      "name": "Max absorption to max max absorption",
      "attribute": "minecraft:generic.max_absorption",
      "value": 2048,
      "operation": "addition"
    },
    {
      "name": "Max health to max max health",
      "attribute": "minecraft:generic.max_health",
      "value": 1004,
      "operation": "addition"
    },
    {
      "name": "Movement speed to max movement speed",
      "attribute": "minecraft:generic.movement_speed",
      "value": 1023.9,
      "operation": "addition"
    }
  ],
  "name": "Perfect",
  "description": "All generic attributes are boosted to the max."
}